<annotation>
	<folder>C:\Repos\tensorflow\AutoLabeling\fail</folder>
	<filename>20200908_142014_019.jpg</filename>
<path>20200908_142014_019.jpg</path>
	<source>
		<database>Unknown</database>
	</source>
	<size>
		<width>300</width>
		<height>300</height>
		<depth>3</depth>
	</size>
	<segmented>0</segmented>
	<object>
		<name>Drone</name>
		<pose>Unspecified</pose>
		<truncated>0</truncated>
		<difficult>0</difficult>
		<bndbox>
			<xmin>132</xmin>
			<ymin>122</ymin>
			<xmax>190</xmax>
			<ymax>141</ymax>
		</bndbox>
	</object>
</annotation>