<annotation>
	<folder>C:\Repos\tensorflow\AutoLabeling\fail</folder>
	<filename>20200807_174110_026.jpg</filename>
<path>20200807_174110_026.jpg</path>
	<source>
		<database>Unknown</database>
	</source>
	<size>
		<width>300</width>
		<height>300</height>
		<depth>3</depth>
	</size>
	<segmented>0</segmented>
	<object>
		<name>Drone</name>
		<pose>Unspecified</pose>
		<truncated>0</truncated>
		<difficult>0</difficult>
		<bndbox>
			<xmin>135</xmin>
			<ymin>90</ymin>
			<xmax>177</xmax>
			<ymax>109</ymax>
		</bndbox>
	</object>
</annotation>