<annotation>
	<folder>C:\Repos\tensorflow\AutoLabeling\success</folder>
	<filename>20201030_104015(1).jpg</filename>
<path>20201030_104015(1).jpg</path>
	<source>
		<database>Unknown</database>
	</source>
	<size>
		<width>300</width>
		<height>300</height>
		<depth>3</depth>
	</size>
	<segmented>0</segmented>
	<object>
		<name>Drone</name>
		<pose>Unspecified</pose>
		<truncated>0</truncated>
		<difficult>0</difficult>
		<bndbox>
			<xmin>98</xmin>
			<ymin>113</ymin>
			<xmax>134</xmax>
			<ymax>131</ymax>
		</bndbox>
	</object>
</annotation>