<annotation>
	<folder>C:\Repos\tensorflow\AutoLabeling\images</folder>
	<filename>20201030_103957(0).jpg</filename>
<path>20201030_103957(0).jpg</path>
	<source>
		<database>Unknown</database>
	</source>
	<size>
		<width>300</width>
		<height>300</height>
		<depth>3</depth>
	</size>
	<segmented>0</segmented>
	<object>
		<name>Drone</name>
		<pose>Unspecified</pose>
		<truncated>0</truncated>
		<difficult>0</difficult>
		<bndbox>
			<xmin>118</xmin>
			<ymin>142</ymin>
			<xmax>152</xmax>
			<ymax>158</ymax>
		</bndbox>
	</object>
</annotation>