<annotation>
	<folder>C:\Repos\tensorflow\AutoLabeling\success</folder>
	<filename>20201030_104012(2).jpg</filename>
<path>20201030_104012(2).jpg</path>
	<source>
		<database>Unknown</database>
	</source>
	<size>
		<width>300</width>
		<height>300</height>
		<depth>3</depth>
	</size>
	<segmented>0</segmented>
	<object>
		<name>Drone</name>
		<pose>Unspecified</pose>
		<truncated>0</truncated>
		<difficult>0</difficult>
		<bndbox>
			<xmin>100</xmin>
			<ymin>123</ymin>
			<xmax>142</xmax>
			<ymax>144</ymax>
		</bndbox>
	</object>
</annotation>