<annotation>
	<folder>fail</folder>
	<filename>20200908_144656_010.jpg</filename>
	<path>C:\Repos\tensorflow\AutoLabeling\fail\20200908_144656_010.jpg</path>
	<source>
		<database>Unknown</database>
	</source>
	<size>
		<width>300</width>
		<height>300</height>
		<depth>3</depth>
	</size>
	<segmented>0</segmented>
	<object>
		<name>Drone</name>
		<pose>Unspecified</pose>
		<truncated>0</truncated>
		<difficult>0</difficult>
		<bndbox>
			<xmin>105</xmin>
			<ymin>128</ymin>
			<xmax>194</xmax>
			<ymax>153</ymax>
		</bndbox>
	</object>
</annotation>
