<annotation>
	<folder>fail</folder>
	<filename>KakaoTalk_20200817_145134667_07.jpg</filename>
	<path>C:\Repos\tensorflow\AutoLabeling\fail\KakaoTalk_20200817_145134667_07.jpg</path>
	<source>
		<database>Unknown</database>
	</source>
	<size>
		<width>300</width>
		<height>300</height>
		<depth>3</depth>
	</size>
	<segmented>0</segmented>
	<object>
		<name>Drone</name>
		<pose>Unspecified</pose>
		<truncated>0</truncated>
		<difficult>0</difficult>
		<bndbox>
			<xmin>119</xmin>
			<ymin>123</ymin>
			<xmax>183</xmax>
			<ymax>170</ymax>
		</bndbox>
	</object>
</annotation>
